{
  "email": "Email",
  "password": "Password",
  "noAccount": "Don't have an account?",
  "haveAccount": "Have an account?",
  "confirmPassword": "Confirm password",
  "code": "Code",
  "sendCode": "Send code",
  "register": {
    "title": "Sign up",
    "introText": "Some intro text",
    "emailVerifiedSuccess": "A verification code has been sent to {{email}}",
    "sendSMS": "send SMS",
    "SMSCode": "SMS code",
    "registerSuccessMessage": "Your account has been successfully registered",
    "errors": {
      "wrongRepeatPass": "Wrong repeat password",
      "invalidEmail": "Invalid email address",
      "wrongPasswordFormat": "Wrong password format",
      "emailNotVerified": "Email isn't verified",
      "verificationCodeExpired": "Verification code expired",
      "wrongVerificationCode": "Wrong verification code",
      "registrationError": "Error saving registration",
      "emailRegistered": "Email is already registered",
      "machineHasUser": "Machine is used",
      "passwordMinLength": "Password must contain at least 6 characters",
      "passwordMaxLength": "Password must not be more than 15 characters",
      "passwordLength": "Password must be more than {{min}} and less than {{max}} characters",
      "pinRequired": "Please enter PIN",
      "pinRepeatRequired": "Please confirm PIN",
      "enterValidCode": "Please enter a valid code",
      "passwordMismatch": "Passwords don't match",
      "pinMismatch": "PIN codes don't match",
      "passwordRepeatRequired": "Please confirm password",
      "codeVerificationError": "Error getting a verification code",
      "oldPinRequired": "Please enter old PIN",
      "oldPasswordRequired": "Please enter old password"
    }
  },
  "login": {
    "title": "Login",
    "introText": "Some intro text",
    "forgotPassword": "Forgot password?",
    "errors": {
      "emailRequired": "Please enter your email",
      "wrongEmailFormat": "Please enter a valid email",
      "passwordRequired": "Please enter password",
      "emailNotRegistered": "Email isn't registered",
      "wrongPassword": "Wrong password"
    }
  },
  "alias": {
    "title": "Miner alias",
    "desc": "This is the first time you log into the mine",
    "errors": {
      "aliasRequired": "Please enter alias"
    }
  }
}