{
  "brand": {
    "name": "Pyramid",
    "slogan": "Next generation decentralized storage protocol"
  },
  "interface": {
    "next": "Continue",
    "balance": "Balance",
    "skip": "Skip step",
    "update": "Update",
    "comingSoon": "Coming soon",
    "copy": "Copy",
    "max": "Max",
    "send": "Send",
    "address": "Address",
    "amount": "Amount",
    "state": "State",
    "withdraw": "Withdraw",
    "currency": "Currency",
    "language": "Language",
    "ui": "UI",
    "save": "Save",
    "cancel": "Cancel",
    "disk": "Disk",
    "done": "Done",
    "logout": "Logout",
    "diskSerial": "Disk serial",
    "copiedToCB": "Copied to clipboard",
    "netTest": "Test net",
    "online": "Working",
    "offline": "Stopped",
    "ensure": "Ensure",
    "ok": "Ok"
  },
  "errors": {
    "genericError": "Something went wrong",
    "noNetwork": "No network",
    "networkTimeout": "Network timeout"
  },
  "networkErrors": {
    "somethingWentWrong": "Something went wrong. Please try again",
    "tokenExpired": "Token expired",
    "installNewUpdate": "Your current version is outdated. Please restart the app to update"
  }
}