{
  "navigationTabs": {
    "home": "Home",
    "news": "News",
    "profile": "Profile"
  },
  "homeScreen": {
    "miners": "Miners",
    "priceIndex": "Price Index",
    "minersEmpty": "Machine list is empty"
  },
  "changePasswordScreen": {
    "oldPassword": "Old account password",
    "newPassword": "New account password",
    "confirmPassword": "Confirm new password",
    "changePinCode": "Change PIN code"
  },
  "changePinScreen": {
    "oldPin": "Old PIN",
    "newPin": "New PIN",
    "confirmPin": "Confirm new PIN",
    "changePassword": "Change Account Password"
  },
  "minerDetailScreen": {
    "elapsed": "Elapsed",
    "margin": "Margin",
    "unbindMachine": "Unbind machine",
    "errors": {
      "machineNotFound": "Unbind failed. Machine not found",
      "machineHasBalance": "Unbind failed. Machine has balance"
    }
  },
  "profileScreen": {
    "signOut": "Sign out",
    "settings": {
      "help": "Help",
      "baseCurrency": "Base currency",
      "languages": "Languages",
      "password": "Password"
    },
    "balance": {
      "balance": "Balance",
      "minerIncoming": "Incoming from mining",
      "otherIncoming": "Other incoming",
      "withdraw": "Withdraw"
    }
  },
  "newsScreen": {
    "title": "News"
  },
  "notificationScreen": {
    "title": "Notifications",
    "system": "System",
    "transaction": "Transaction",
    "withdraw": "Withdraw"
  },
  "pinCodeScreen": {
    "description": "Some description here Some description here Some description here Some description here",
    "pinCode": "Pin Code",
    "confirmPinCode": "Confirm Pin Code"
  },
  "withdrawScreen": {
    "title": "Withdraw",
    "wallet": "Wallet",
    "withdraw": "Withdraw",
    "enterAmount": "Enter amount",
    "errors": {
      "amountRequired": "Please enter amount",
      "addressRequired": "Please enter wallet address",
      "wrongAddressFormat": "Please enter valid address format"
    }
  },
  "pinCodeModal": {
    "enterPin": "Please enter your pin code"
  },
  "qrCodeLoginScreen": {
    "cancelLogin": "Cancel login",
    "machineHasUsers": "This machine has bound user",
    "contactSupport": "Contact support",
    "machineIsBound": "Machine is bound to your account",
    "confirmLogin": "Confirm login",
    "machineIsNotBound": "Machine is not bound to your account",
    "bindMachine": "Bind"
  }
}